{
 "B3": {
  "auc_metadata": 0.9958239427283574,
  "auc_fingerprint": 0.871536523929471,
  "auc_combined": 0.9967519554553891,
  "auc_same_tok_alone": 0.8955985682089354,
  "auc_same_dev_alone": 0.9530690706615405,
  "metadata_ancestry_hits": 3
 },
 "collinearity": {
  "sf_st": 38,
  "sf_dt": 0,
  "df_st": 81,
  "df_dt": 316
 },
 "B4": {
  "specA_raw": {
   "const": {
    "beta": 0.24125915078160126,
    "se": 0.01163137851089611,
    "z": 20.74209437476333
   },
   "same_family": {
    "beta": 0.05796269165238985,
    "se": 0.02361668990829418,
    "z": 2.4543105692399916
   },
   "same_tok": {
    "beta": 0.09187368083884587,
    "se": 0.020026233540048455,
    "z": 4.587666505292516
   },
   "cap_gap": {
    "beta": -0.2123740539291405,
    "se": 0.060797292926568346,
    "z": -3.493149837866108
   },
   "|dlog_params|": {
    "beta": -2.3585984467531813e-05,
    "se": 0.004488124342350996,
    "z": -0.005255198534712802
   }
  },
  "specB_excess": {
   "const": {
    "beta": 0.20220423723294145,
    "se": 0.011535803055191888,
    "z": 17.528405804564766
   },
   "same_family": {
    "beta": 0.090295074073731,
    "se": 0.015238880161963,
    "z": 5.925309019695028
   },
   "cap_gap": {
    "beta": -0.21954985633078117,
    "se": 0.051721405794116306,
    "z": -4.244854774534311
   },
   "|dlog_params|": {
    "beta": -0.0003385034914511686,
    "se": 0.0037103248540261754,
    "z": -0.0912328447693331
   }
  },
  "specA_R2": 0.4936486011771887,
  "specB_R2": 0.3339086404516849,
  "auc_cap_gap_alone": 0.4685138539042822
 }
}