{
 "auc": 0.9415395787944807,
 "cohens_d": 2.6285835379799285,
 "family_stats": {
  "DS-Qwen": {
   "intra": 0.28060473942952635,
   "inter": 0.24628850895599808
  },
  "Llama": {
   "intra": 0.42447440373646045,
   "inter": 0.2970194562270167
  },
  "Mistral": {
   "intra": 0.40601204277226166,
   "inter": 0.28752612442110353
  },
  "Qwen2.5": {
   "intra": 0.5401044346989164,
   "inter": 0.3235631928595194
  },
  "Qwen3": {
   "intra": 0.4908093598855759,
   "inter": 0.3073683150787283
  }
 },
 "matrix": {
  "DeepSeek-R1-Distill-Llama-8B|DeepSeek-R1-Distill-Qwen-1.5B": 0.23497106042914948,
  "DeepSeek-R1-Distill-Llama-8B|DeepSeek-R1-Distill-Qwen-7B": 0.22519975160477615,
  "DeepSeek-R1-Distill-Llama-8B|Llama-3.1-8B-Instruct": 0.41595750587417707,
  "DeepSeek-R1-Distill-Llama-8B|Llama-3.2-1B-Instruct": 0.2916873103973611,
  "DeepSeek-R1-Distill-Llama-8B|Llama-3.2-3B-Instruct": 0.3544112872755609,
  "DeepSeek-R1-Distill-Llama-8B|Ministral-8B-Instruct-2410": 0.33556919619263464,
  "DeepSeek-R1-Distill-Llama-8B|Mistral-7B-Instruct-v0.3": 0.3046001607921037,
  "DeepSeek-R1-Distill-Llama-8B|Phi-3.5-mini-instruct": 0.279119167482106,
  "DeepSeek-R1-Distill-Llama-8B|Qwen2.5-1.5B-Instruct": 0.2506227938729486,
  "DeepSeek-R1-Distill-Llama-8B|Qwen2.5-3B-Instruct": 0.24873923010664076,
  "DeepSeek-R1-Distill-Llama-8B|Qwen2.5-7B-Instruct": 0.25682238056379597,
  "DeepSeek-R1-Distill-Llama-8B|Qwen2.5-Math-7B": 0.2325418583616002,
  "DeepSeek-R1-Distill-Llama-8B|Qwen3-0.6B": 0.2603429598386742,
  "DeepSeek-R1-Distill-Llama-8B|Qwen3-1.7B": 0.2821208732865992,
  "DeepSeek-R1-Distill-Llama-8B|Qwen3-14B": 0.2821021897643583,
  "DeepSeek-R1-Distill-Llama-8B|Qwen3-4B": 0.2839147790026465,
  "DeepSeek-R1-Distill-Llama-8B|Qwen3-8B": 0.2850227803986868,
  "DeepSeek-R1-Distill-Llama-8B|pythia-1.4b": 0.22428130980373903,
  "DeepSeek-R1-Distill-Qwen-1.5B|DeepSeek-R1-Distill-Qwen-7B": 0.28060473942952635,
  "DeepSeek-R1-Distill-Qwen-1.5B|Llama-3.1-8B-Instruct": 0.23268962983656039,
  "DeepSeek-R1-Distill-Qwen-1.5B|Llama-3.2-1B-Instruct": 0.20000236625797135,
  "DeepSeek-R1-Distill-Qwen-1.5B|Llama-3.2-3B-Instruct": 0.23209334014858615,
  "DeepSeek-R1-Distill-Qwen-1.5B|Ministral-8B-Instruct-2410": 0.2277263625575365,
  "DeepSeek-R1-Distill-Qwen-1.5B|Mistral-7B-Instruct-v0.3": 0.20035936176767638,
  "DeepSeek-R1-Distill-Qwen-1.5B|Phi-3.5-mini-instruct": 0.20401509247819552,
  "DeepSeek-R1-Distill-Qwen-1.5B|Qwen2.5-1.5B-Instruct": 0.2668305206863709,
  "DeepSeek-R1-Distill-Qwen-1.5B|Qwen2.5-3B-Instruct": 0.24549215595500198,
  "DeepSeek-R1-Distill-Qwen-1.5B|Qwen2.5-7B-Instruct": 0.25224672570111795,
  "DeepSeek-R1-Distill-Qwen-1.5B|Qwen2.5-Math-7B": 0.23383872724418092,
  "DeepSeek-R1-Distill-Qwen-1.5B|Qwen3-0.6B": 0.31463734629359585,
  "DeepSeek-R1-Distill-Qwen-1.5B|Qwen3-1.7B": 0.2914168359367749,
  "DeepSeek-R1-Distill-Qwen-1.5B|Qwen3-14B": 0.26289355115866453,
  "DeepSeek-R1-Distill-Qwen-1.5B|Qwen3-4B": 0.2815818466274433,
  "DeepSeek-R1-Distill-Qwen-1.5B|Qwen3-8B": 0.27748139139448014,
  "DeepSeek-R1-Distill-Qwen-1.5B|pythia-1.4b": 0.16858656087961527,
  "DeepSeek-R1-Distill-Qwen-7B|Llama-3.1-8B-Instruct": 0.2386551283865441,
  "DeepSeek-R1-Distill-Qwen-7B|Llama-3.2-1B-Instruct": 0.2189545091182889,
  "DeepSeek-R1-Distill-Qwen-7B|Llama-3.2-3B-Instruct": 0.2392068422316842,
  "DeepSeek-R1-Distill-Qwen-7B|Ministral-8B-Instruct-2410": 0.24388449470287593,
  "DeepSeek-R1-Distill-Qwen-7B|Mistral-7B-Instruct-v0.3": 0.2040647545557531,
  "DeepSeek-R1-Distill-Qwen-7B|Phi-3.5-mini-instruct": 0.2162736119412033,
  "DeepSeek-R1-Distill-Qwen-7B|Qwen2.5-1.5B-Instruct": 0.268372736720159,
  "DeepSeek-R1-Distill-Qwen-7B|Qwen2.5-3B-Instruct": 0.25901384876409783,
  "DeepSeek-R1-Distill-Qwen-7B|Qwen2.5-7B-Instruct": 0.2679804390354876,
  "DeepSeek-R1-Distill-Qwen-7B|Qwen2.5-Math-7B": 0.31512695815929487,
  "DeepSeek-R1-Distill-Qwen-7B|Qwen3-0.6B": 0.2697271336241041,
  "DeepSeek-R1-Distill-Qwen-7B|Qwen3-1.7B": 0.28488286842343147,
  "DeepSeek-R1-Distill-Qwen-7B|Qwen3-14B": 0.26897085951136446,
  "DeepSeek-R1-Distill-Qwen-7B|Qwen3-4B": 0.27781024292314327,
  "DeepSeek-R1-Distill-Qwen-7B|Qwen3-8B": 0.2777245980934469,
  "DeepSeek-R1-Distill-Qwen-7B|pythia-1.4b": 0.17109765135535687,
  "Llama-3.1-8B-Instruct|Llama-3.2-1B-Instruct": 0.3803223491284532,
  "Llama-3.1-8B-Instruct|Llama-3.2-3B-Instruct": 0.4730472148191215,
  "Llama-3.1-8B-Instruct|Ministral-8B-Instruct-2410": 0.437419403958864,
  "Llama-3.1-8B-Instruct|Mistral-7B-Instruct-v0.3": 0.38272703271591857,
  "Llama-3.1-8B-Instruct|Phi-3.5-mini-instruct": 0.34041406991550743,
  "Llama-3.1-8B-Instruct|Qwen2.5-1.5B-Instruct": 0.3200571278953377,
  "Llama-3.1-8B-Instruct|Qwen2.5-3B-Instruct": 0.3190833955152461,
  "Llama-3.1-8B-Instruct|Qwen2.5-7B-Instruct": 0.3354611649575354,
  "Llama-3.1-8B-Instruct|Qwen2.5-Math-7B": 0.2780565376872862,
  "Llama-3.1-8B-Instruct|Qwen3-0.6B": 0.28740305365195834,
  "Llama-3.1-8B-Instruct|Qwen3-1.7B": 0.31815599308878234,
  "Llama-3.1-8B-Instruct|Qwen3-14B": 0.3277937629395018,
  "Llama-3.1-8B-Instruct|Qwen3-4B": 0.3265029924253986,
  "Llama-3.1-8B-Instruct|Qwen3-8B": 0.3314440333589287,
  "Llama-3.1-8B-Instruct|pythia-1.4b": 0.26224279049300714,
  "Llama-3.2-1B-Instruct|Llama-3.2-3B-Instruct": 0.42005364726180655,
  "Llama-3.2-1B-Instruct|Ministral-8B-Instruct-2410": 0.3352790888349713,
  "Llama-3.2-1B-Instruct|Mistral-7B-Instruct-v0.3": 0.3088446231465598,
  "Llama-3.2-1B-Instruct|Phi-3.5-mini-instruct": 0.31828011227707165,
  "Llama-3.2-1B-Instruct|Qwen2.5-1.5B-Instruct": 0.26169002489420756,
  "Llama-3.2-1B-Instruct|Qwen2.5-3B-Instruct": 0.2532971216581149,
  "Llama-3.2-1B-Instruct|Qwen2.5-7B-Instruct": 0.24777259770116902,
  "Llama-3.2-1B-Instruct|Qwen2.5-Math-7B": 0.2484469237507574,
  "Llama-3.2-1B-Instruct|Qwen3-0.6B": 0.2509026887052383,
  "Llama-3.2-1B-Instruct|Qwen3-1.7B": 0.2679030673363591,
  "Llama-3.2-1B-Instruct|Qwen3-14B": 0.25239654914877757,
  "Llama-3.2-1B-Instruct|Qwen3-4B": 0.2721709112698994,
  "Llama-3.2-1B-Instruct|Qwen3-8B": 0.25795957100586214,
  "Llama-3.2-1B-Instruct|pythia-1.4b": 0.264059595536007,
  "Llama-3.2-3B-Instruct|Ministral-8B-Instruct-2410": 0.3866683595748267,
  "Llama-3.2-3B-Instruct|Mistral-7B-Instruct-v0.3": 0.3386264790111254,
  "Llama-3.2-3B-Instruct|Phi-3.5-mini-instruct": 0.3399406136891178,
  "Llama-3.2-3B-Instruct|Qwen2.5-1.5B-Instruct": 0.29935103677713576,
  "Llama-3.2-3B-Instruct|Qwen2.5-3B-Instruct": 0.2930347530070957,
  "Llama-3.2-3B-Instruct|Qwen2.5-7B-Instruct": 0.2994130829039585,
  "Llama-3.2-3B-Instruct|Qwen2.5-Math-7B": 0.2635902026865076,
  "Llama-3.2-3B-Instruct|Qwen3-0.6B": 0.2883655780558182,
  "Llama-3.2-3B-Instruct|Qwen3-1.7B": 0.317114938469795,
  "Llama-3.2-3B-Instruct|Qwen3-14B": 0.31293807688557007,
  "Llama-3.2-3B-Instruct|Qwen3-4B": 0.32405609150541764,
  "Llama-3.2-3B-Instruct|Qwen3-8B": 0.3156996646226046,
  "Llama-3.2-3B-Instruct|pythia-1.4b": 0.24871286831282594,
  "Ministral-8B-Instruct-2410|Mistral-7B-Instruct-v0.3": 0.40601204277226166,
  "Ministral-8B-Instruct-2410|Phi-3.5-mini-instruct": 0.3625632979698925,
  "Ministral-8B-Instruct-2410|Qwen2.5-1.5B-Instruct": 0.3052724068802839,
  "Ministral-8B-Instruct-2410|Qwen2.5-3B-Instruct": 0.3013631200749289,
  "Ministral-8B-Instruct-2410|Qwen2.5-7B-Instruct": 0.3152120026257469,
  "Ministral-8B-Instruct-2410|Qwen2.5-Math-7B": 0.2708036661291371,
  "Ministral-8B-Instruct-2410|Qwen3-0.6B": 0.26344477274378864,
  "Ministral-8B-Instruct-2410|Qwen3-1.7B": 0.28217160879037556,
  "Ministral-8B-Instruct-2410|Qwen3-14B": 0.2949796661577235,
  "Ministral-8B-Instruct-2410|Qwen3-4B": 0.2977444021101798,
  "Ministral-8B-Instruct-2410|Qwen3-8B": 0.30205323921410276,
  "Ministral-8B-Instruct-2410|pythia-1.4b": 0.26874440648713654,
  "Mistral-7B-Instruct-v0.3|Phi-3.5-mini-instruct": 0.34293561871111916,
  "Mistral-7B-Instruct-v0.3|Qwen2.5-1.5B-Instruct": 0.24817352868756026,
  "Mistral-7B-Instruct-v0.3|Qwen2.5-3B-Instruct": 0.24529409138469543,